<?xml version="1.0" encoding="utf-8" standalone="yes"?>
<rss version="2.0" xmlns:atom="http://www.w3.org/2005/Atom">
  <channel>
    <title>Gary Williams</title>
    <link>https://www.thisgeektweets.com/</link>
    <description>Recent content on Gary Williams</description>
    <generator>Hugo -- gohugo.io</generator>
    <language>en</language>
    <lastBuildDate>Fri, 26 Nov 2021 17:12:41 +0000</lastBuildDate><atom:link href="https://www.thisgeektweets.com/index.xml" rel="self" type="application/rss+xml" />
    <item>
      <title>First Blog Post</title>
      <link>https://www.thisgeektweets.com/posts/my-first-post/</link>
      <pubDate>Fri, 26 Nov 2021 17:12:41 +0000</pubDate>
      
      <guid>https://www.thisgeektweets.com/posts/my-first-post/</guid>
      <description></description>
    </item>
    
    <item>
      <title>About</title>
      <link>https://www.thisgeektweets.com/about/</link>
      <pubDate>Mon, 01 Jan 0001 00:00:00 +0000</pubDate>
      
      <guid>https://www.thisgeektweets.com/about/</guid>
      <description>Profile
A competent and professional DevOps Engineer with an experienced background in both on premise and cloud (AWS, Azure) technologies, both Windows and Linux. I enjoy working within Agile Software Development environments, enabling product teams build and release software faster, building the tooling and infrastructure that they need, without impacting service quality, reliability and security.
Outside of work I am an active member of the Linux/FOSS community, a co-host of the Linux After Dark Podcast (linuxafterdark.</description>
    </item>
    
    <item>
      <title>Contact</title>
      <link>https://www.thisgeektweets.com/contact/</link>
      <pubDate>Mon, 01 Jan 0001 00:00:00 +0000</pubDate>
      
      <guid>https://www.thisgeektweets.com/contact/</guid>
      <description>Email Me: gary[at]gwilliams94.co.uk
Twitter: @ThisGeekTweets</description>
    </item>
    
    <item>
      <title>Projects</title>
      <link>https://www.thisgeektweets.com/projects/</link>
      <pubDate>Mon, 01 Jan 0001 00:00:00 +0000</pubDate>
      
      <guid>https://www.thisgeektweets.com/projects/</guid>
      <description>Nothing to see here&amp;hellip; Move along!</description>
    </item>
    
  </channel>
</rss>
