<?xml version="1.0" encoding="utf-8" standalone="yes"?>
<rss version="2.0" xmlns:atom="http://www.w3.org/2005/Atom">
  <channel>
    <title>Categories on Gary Williams</title>
    <link>https://www.thisgeektweets.com/categories/</link>
    <description>Recent content in Categories on Gary Williams</description>
    <generator>Hugo -- gohugo.io</generator>
    <language>en</language><atom:link href="https://www.thisgeektweets.com/categories/index.xml" rel="self" type="application/rss+xml" />
  </channel>
</rss>
