<?xml version="1.0" encoding="utf-8" standalone="yes"?>
<rss version="2.0" xmlns:atom="http://www.w3.org/2005/Atom">
  <channel>
    <title>Gary Wiliams on Gary Williams</title>
    <link>https://www.thisgeektweets.com/authors/gary-wiliams/</link>
    <description>Recent content in Gary Wiliams on Gary Williams</description>
    <generator>Hugo -- gohugo.io</generator>
    <language>en</language>
    <lastBuildDate>Fri, 26 Nov 2021 17:12:41 +0000</lastBuildDate><atom:link href="https://www.thisgeektweets.com/authors/gary-wiliams/index.xml" rel="self" type="application/rss+xml" />
    <item>
      <title>First Blog Post</title>
      <link>https://www.thisgeektweets.com/posts/my-first-post/</link>
      <pubDate>Fri, 26 Nov 2021 17:12:41 +0000</pubDate>
      
      <guid>https://www.thisgeektweets.com/posts/my-first-post/</guid>
      <description></description>
    </item>
    
  </channel>
</rss>
